[{"model": "albums.singer", "pk": 1, "fields": {"name": "AC/DC"}}, {"model": "albums.singer", "pk": 2, "fields": {"name": "Linkin Park"}}, {"model": "albums.song", "pk": 1, "fields": {"name": "Hell Bells"}}, {"model": "albums.song", "pk": 2, "fields": {"name": "Higway to Hell"}}, {"model": "albums.song", "pk": 3, "fields": {"name": "Back in Black"}}, {"model": "albums.song", "pk": 4, "fields": {"name": "Fire Your Guns"}}, {"model": "albums.song", "pk": 5, "fields": {"name": "Thunderstruck"}}, {"model": "albums.song", "pk": 6, "fields": {"name": "Big Gun"}}, {"model": "albums.song", "pk": 8, "fields": {"name": "Foreword"}}, {"model": "albums.song", "pk": 9, "fields": {"name": "Don't Stay"}}, {"model": "albums.song", "pk": 10, "fields": {"name": "Somewhere I Belong"}}, {"model": "albums.song", "pk": 11, "fields": {"name": "Lying from You"}}, {"model": "albums.song", "pk": 12, "fields": {"name": "Hit the Floor"}}, {"model": "albums.song", "pk": 13, "fields": {"name": "Easier to Run"}}, {"model": "albums.song", "pk": 14, "fields": {"name": "Faint"}}, {"model": "albums.song", "pk": 15, "fields": {"name": "Figure.09"}}, {"model": "albums.song", "pk": 16, "fields": {"name": "Breaking the Habit"}}, {"model": "albums.song", "pk": 17, "fields": {"name": "From the Inside"}}, {"model": "albums.song", "pk": 18, "fields": {"name": "From the Inside"}}, {"model": "albums.song", "pk": 19, "fields": {"name": "Nobody's Listening"}}, {"model": "albums.song", "pk": 20, "fields": {"name": "Session"}}, {"model": "albums.song", "pk": 21, "fields": {"name": "Numb"}}, {"model": "albums.song", "pk": 22, "fields": {"name": "Figure.09"}}, {"model": "albums.album", "pk": 1, "fields": {"name": "Highway to Hell", "singer": 1, "release_at": "1979-07-27"}}, {"model": "albums.album", "pk": 2, "fields": {"name": "Meteora", "singer": 2, "release_at": "2003-03-25"}}, {"model": "albums.songsinalbum", "pk": 2, "fields": {"album": 1, "song": 2, "number": 1}}, {"model": "albums.songsinalbum", "pk": 3, "fields": {"album": 1, "song": 3, "number": 2}}, {"model": "albums.songsinalbum", "pk": 4, "fields": {"album": 1, "song": 4, "number": 3}}, {"model": "albums.songsinalbum", "pk": 5, "fields": {"album": 1, "song": 5, "number": 4}}, {"model": "albums.songsinalbum", "pk": 6, "fields": {"album": 1, "song": 6, "number": 5}}, {"model": "albums.songsinalbum", "pk": 7, "fields": {"album": 2, "song": 8, "number": 1}}, {"model": "albums.songsinalbum", "pk": 8, "fields": {"album": 2, "song": 9, "number": 2}}, {"model": "albums.songsinalbum", "pk": 9, "fields": {"album": 2, "song": 10, "number": 3}}, {"model": "albums.songsinalbum", "pk": 10, "fields": {"album": 2, "song": 11, "number": 4}}, {"model": "albums.songsinalbum", "pk": 11, "fields": {"album": 2, "song": 12, "number": 5}}, {"model": "albums.songsinalbum", "pk": 12, "fields": {"album": 2, "song": 13, "number": 6}}, {"model": "albums.songsinalbum", "pk": 13, "fields": {"album": 2, "song": 14, "number": 7}}, {"model": "albums.songsinalbum", "pk": 14, "fields": {"album": 2, "song": 16, "number": 9}}, {"model": "albums.songsinalbum", "pk": 15, "fields": {"album": 2, "song": 18, "number": 10}}, {"model": "albums.songsinalbum", "pk": 16, "fields": {"album": 2, "song": 19, "number": 11}}, {"model": "albums.songsinalbum", "pk": 17, "fields": {"album": 2, "song": 20, "number": 12}}, {"model": "albums.songsinalbum", "pk": 18, "fields": {"album": 2, "song": 21, "number": 13}}, {"model": "albums.songsinalbum", "pk": 19, "fields": {"album": 2, "song": 22, "number": 8}}]